{"stats":{"minecraft:mined":{"minecraft:grass":1,"minecraft:grass_block":36},"minecraft:dropped":{"minecraft:dirt":1},"minecraft:picked_up":{"minecraft:dirt":26},"minecraft:used":{"minecraft:dirt":25},"minecraft:custom":{"minecraft:jump":80,"minecraft:time_since_rest":4564,"minecraft:sprint_one_cm":1207,"minecraft:leave_game":2,"minecraft:play_time":4564,"minecraft:time_since_death":4564,"minecraft:walk_one_cm":10091,"minecraft:total_world_time":4564,"minecraft:drop":1,"minecraft:fall_one_cm":1045,"minecraft:fly_one_cm":1466}},"DataVersion":2975}