{"stats":{"minecraft:mined":{"minecraft:grass":1,"minecraft:grass_block":40,"minecraft:oak_leaves":5,"minecraft:dirt":2},"minecraft:dropped":{"minecraft:dirt":1},"minecraft:picked_up":{"minecraft:dirt":31},"minecraft:used":{"minecraft:dirt":30},"minecraft:custom":{"minecraft:jump":150,"minecraft:time_since_rest":14955,"minecraft:sprint_one_cm":3143,"minecraft:leave_game":3,"minecraft:play_time":14955,"minecraft:damage_taken":100,"minecraft:time_since_death":14955,"minecraft:walk_one_cm":17690,"minecraft:total_world_time":14955,"minecraft:drop":1,"minecraft:fall_one_cm":5116,"minecraft:fly_one_cm":3624}},"DataVersion":2975}